{"cameraMode":{"drawMode":0,"name":"Shaded","section":"Shading Mode"},"sceneLighting":false,"audioPlay":false,"sceneViewState":{"m_AlwaysRefresh":false,"showFog":true,"showSkybox":false,"showFlares":true,"showImageEffects":true,"showParticleSystems":true,"showVisualEffectGraphs":true,"m_FxEnabled":true},"in2DMode":false,"pivot":{"x":0.0578463077545166,"y":-0.09501540660858154,"z":-1.400029182434082},"rotation":{"x":-0.030102111399173738,"y":-0.2939411699771881,"z":-0.00926222838461399,"w":0.9553061127662659},"size":4.949333190917969,"orthographic":false}