{"cameraMode":{"drawMode":0,"name":"Shaded","section":"Shading Mode"},"sceneLighting":true,"audioPlay":false,"sceneViewState":{"m_AlwaysRefresh":false,"showFog":true,"showSkybox":true,"showFlares":true,"showImageEffects":true,"showParticleSystems":true,"showVisualEffectGraphs":true,"m_FxEnabled":true},"in2DMode":false,"pivot":{"x":-1.6616456508636475,"y":1.180717945098877,"z":8.214256286621094},"rotation":{"x":-0.01075297687202692,"y":-0.44382748007774355,"z":-0.005326139274984598,"w":0.8960379958152771},"size":1.761633038520813,"orthographic":false}