{"cameraMode":{"drawMode":0,"name":"Shaded","section":"Shading Mode"},"sceneLighting":true,"audioPlay":false,"sceneViewState":{"m_AlwaysRefresh":false,"showFog":true,"showSkybox":true,"showFlares":true,"showImageEffects":true,"showParticleSystems":true,"showVisualEffectGraphs":true,"m_FxEnabled":true},"in2DMode":false,"pivot":{"x":0.03000020980834961,"y":3.28999924659729,"z":-2.7299997806549074},"rotation":{"x":-0.04185714200139046,"y":-0.0787472203373909,"z":-0.0033091669902205469,"w":0.996013343334198},"size":4.145471096038818,"orthographic":false}